{
  "linear": {
    "r2": 4.182086501680615e-05,
    "rmse": 154769.87096518598
  },
  "ridge": {
    "r2": 4.18400756118098e-05,
    "rmse": 154769.86947851314
  },
  "lasso": {
    "r2": 4.182107322892037e-05,
    "rmse": 154769.87094907282
  },
  "random_forest": {
    "r2": 5.572212350812844e-05,
    "rmse": 154768.79516846503
  }
}